rank,player_name,cap_percent
1,"Jahmyr Gibbs",37.4
2,"Bijan Robinson",35.5
3,"Christian McCaffrey",33.8
4,"Puka Nacua",32.5
5,"Ja'Marr Chase",32.11
6,"Jaxon Smith-Njigba",29.5
7,"Amon Ra St Brown",29.117
8,"Jonathan Taylor",28.738
9,"CeeDee Lamb",28.365
10,"Ashton Jeanty",27.997
11,"Justin Jefferson",27.633
12,"Omarion Hampton",27.274
13,"James Cook",26.92
14,"AJ Brown",26.571
15,"Drake London",26.226
16,"Chase Brown",25.886
17,"Rashee Rice",25.551
18,"Saquon Barkley",25.219
19,"De'Von Achane",24.893
20,"Derrick Henry",24.57
21,"Kenneth Walker III",24.252
22,"Jeremiyah Love",23.938
23,"George Pickens",23.628
24,"Josh Jacobs",23.322
25,"Nico Collins",23.02
26,"Brock Bowers",22.723
27,"Trey McBride",22.429
28,"Tee Higgins",22.139
29,"Chris Olave",21.853
30,"Josh Allen",21.571
31,"DeVonta Smith",21.292
32,"Emeka Egbuka",21.017
33,"Javonte Williams",20.746
34,"Kyren Williams",20.478
35,"Tetairoa McMillan",20.214
36,"Ladd McConkey",19.954
37,"Zay Flowers",19.696
38,"Lamar Jackson",19.443
39,"Joe Burrow",19.192
40,"Jayden Daniels",18.945
41,"Malik Nabers",18.701
42,"Cam Skattebo",18.46
43,"Drake Maye",18.223
44,"Mike Evans",17.989
45,"Breece Hall",17.758
46,"Davante Adams",17.529
47,"Quinshon Judkins",17.304
48,"Luther Burden III",17.082
49,"TreVeyon Henderson",16.863
50,"D'Andre Swift",16.646
51,"Jaylen Waddle",16.433
52,"Garrett Wilson",16.222
53,"Colston Loveland",16.015
54,"Rome Odunze",15.809
55,"Jameson Williams",15.607
56,"Terry McLaurin",15.407
57,"Bucky Irving",15.21
58,"Travis Etienne Jr.",15.016
59,"DJ Moore",14.824
60,"Bhayshul Tuten",14.634
61,"Carnell Tate",14.448
62,"Jadarian Price",14.263
63,"Tucker Kraft",14.081
64,"Jalen Hurts",13.902
65,"Caleb Williams",13.724
66,"Tyler Warren",13.55
67,"Christian Watson",13.377
68,"David Montgomery",13.207
69,"Brian Thomas Jr.",13.039
70,"Marvin Harrison Jr.",12.873
71,"Rico Dowdle",12.71
72,"Tony Pollard",12.548
73,"DK Metcalf",12.389
74,"Jaxson Dart",12.232
75,"Justin Herbert",12.077
76,"Trevor Lawrence",11.923
77,"J.K. Dobbins",11.772
78,"Harold Fannin Jr.",11.623
79,"Jaylen Warren",11.476
80,"Quentin Johnston",11.331
81,"Michael Wilson",11.188
82,"Alec Pierce",11.047
83,"Rhamondre Stevenson",10.907
84,"Parker Washington",10.77
85,"Chuba Hubbard",10.634
86,"Courtland Sutton",10.5
87,"Blake Corum",10.368
88,"Kyle Monangai",10.237
89,"Jordyn Tyson",10.109
90,"Makai Lemon",9.982
91,"Jordan Addison",9.856
92,"Michael Pittman Jr.",9.732
93,"RJ Harvey",9.61
94,"Dak Prescott",9.49
95,"Sam LaPorta",9.371
96,"Kyle Pitts Sr.",9.254
97,"Wan'Dale Robinson",9.138
98,"Deebo Samuel Sr.",9.024
99,"Darnell Mooney",8.911
100,"Chris Godwin Jr.",8.8
101,"George Kittle",8.8
102,"Jacory Croskey-Merritt",8.284
103,"Jayden Higgins",7.799
104,"Bo Nix",7.342
105,"Brock Purdy",6.912
106,"Patrick Mahomes II",6.507
107,"Matthew Stafford",6.125
108,"Jared Goff",5.766
109,"Woody Marks",5.428
110,"Tyjae Spears",5.11
111,"Dalton Kincaid",4.811
112,"Travis Kelce",4.529
113,"De'Zhaun Stribling",4.264
114,"Matthew Golden",4.014
115,"Jalen Coker",3.779
116,"Rashid Shaheed",3.557
117,"Khalil Shakir",3.349
118,"Stefon Diggs",3.153
119,"Jayden Reed",2.968
120,"Jordan Mason",2.794
121,"Rachaad White",2.63
122,"Jonathon Brooks",2.476
123,"Aaron Jones Sr.",2.331
124,"Kenny Gainwell",2.195
125,"Jakobi Meyers",2.066
126,"Xavier Worthy",1.945
127,"Josh Downs",1.831
128,"Chris Rodriguez Jr.",1.724
129,"Tyrone Tracy Jr.",1.623
130,"Keaton Mitchell",1.528
131,"Romeo Doubs",1.438
132,"Tyler Allgeier",1.354
133,"KC Concepcion",1.275
134,"Isaiah Likely",1.2
135,"Mark Andrews",1.13
136,"Dallas Goedert",1.064
137,"Jake Ferguson",1.001
138,"Kyler Murray",0.943
139,"Baker Mayfield",0.888
140,"Jordan Love",0.836
141,"Tyler Shough",0.787
142,"Malik Willis",0.741
143,"Zach Charbonnet",0.697
144,"Tank Bigsby",0.656
145,"Jonah Coleman",0.618
146,"Isiah Pacheco",0.582
147,"Brian Robinson Jr.",0.548
148,"Alvin Kamara",0.516
149,"Dylan Sampson",0.486
150,"Daniel Jones",0.457
151,"Sam Darnold",0.43
152,"Cam Ward",0.405
153,"Bryce Young",0.382
154,"C.J. Stroud",0.359
155,"Emmett Johnson",0.338
156,"Jerry Jeudy",0.319
157,"Kenyon Sadiq",0.3
158,"Brenton Strange",0.282
159,"Hunter Henry",0.266
160,"Oronde Gadsden II",0.25
161,"Juwan Johnson",0.236
162,"Chig Okonkwo",0.222
163,"Jauan Jennings",0.209
164,"Braelon Allen",0.197
165,"Adonai Mitchell",0.185
166,"Jalen McMillan",0.175
167,"Denzel Boston",0.164
168,"Emanuel Wilson",0.155
169,"Omar Cooper Jr.",0.146
170,"Tre Tucker",0.137
171,"Travis Hunter",0.129
172,"Kimani Vidal",0.122
173,"Kayshon Boutte",0.115
174,"Tre' Harris",0.108
175,"Ray Davis",0.102
176,"Calvin Ridley",0.096
177,"Sean Tucker",0.09
178,"Jacoby Brissett",0.085
179,"Ryan Flournoy",0.08
180,"Isaac TeSlaa",0.076
181,"Jalen Nailor",0.071
182,"Mike Washington Jr.",0.067
183,"James Conner",0.063
184,"Rashod Bateman",0.06
185,"Nicholas Singleton",0.056
186,"Dontayvion Wicks",0.053
187,"Antonio Williams",0.05
188,"Ted Hurst III",0.047
189,"Elijah Sarratt",0.044
190,"Troy Franklin",0.042
191,"Kaytron Allen",0.039
192,"Jaylin Noel",0.037
193,"T.J. Hockenson",0.035
194,"MarShawn Lloyd",0.033
195,"AJ Barner",0.031
196,"Terrance Ferguson",0.029
197,"Dalton Schultz",0.028
198,"Malik Washington",0.026
199,"Aaron Rodgers",0.025
200,"Jaylen Wright",0.023
201,"Jaydon Blue",0.022
202,"Ollie Gordon II",0.021
203,"Tank Dell",0.02
204,"Gunnar Helm",0.018
205,"Pat Freiermuth",0.017
206,"Cooper Kupp",0.016
207,"David Njoku",0.016
208,"Zachariah Branch",0.015
209,"Geno Smith",0.014
210,"Chimere Dike",0.013
211,"Cade Otton",0.012
212,"Elic Ayomanor",0.012
213,"Greg Dulcich",0.011
214,"Keon Coleman",0.011
215,"Germie Bernard",0.01
216,"Demond Claiborne",0.01
217,"Colby Parkinson",0.01
218,"George Holani",0.01
219,"Evan Engram",0.01
220,"Tory Horton",0.01
221,"Jordan James",0.01
222,"Malik Davis",0.01
223,"Justice Hill",0.01
224,"Isaiah Davis",0.01
225,"Jack Bech",0.01
226,"Kaelon Black",0.01
227,"Devin Neal",0.01
228,"Eli Stowers",0.01
229,"Tyreek Hill",0.01
230,"Tyquan Thornton",0.01
231,"Ty Johnson",0.01
232,"Tua Tagovailoa",0.01
233,"Fernando Mendoza",0.01
234,"Chris Brooks",0.01
235,"DJ Giddens",0.01
236,"Theo Johnson",0.01
237,"Chris Bell",0.01
238,"Trey Benson",0.01
239,"Christian Kirk",0.01
240,"Darius Slayton",0.01
241,"Samaje Perine",0.01
242,"Malachi Fields",0.01
243,"Mason Taylor",0.01
244,"Brandon Aiyuk",0.01
245,"Marvin Mims Jr.",0.01
246,"Xavier Legette",0.01
247,"Kaleb Johnson",0.01
248,"Devaughn Vele",0.01
249,"Emari Demercado",0.01
250,"Kendre Miller",0.01
251,"Devin Singletary",0.01
252,"Marquise Brown",0.01
253,"Michael Penix Jr.",0.01
254,"Oscar Delp",0.01
255,"Ja'Kobi Lane",0.01
256,"Mike Gesicki",0.01
257,"Adam Randall",0.01
258,"Kyle Williams",0.01
259,"Keenan Allen",0.01
260,"Kirk Cousins",0.01
261,"Deshaun Watson",0.01
262,"Mack Hollins",0.01
263,"Shedeur Sanders",0.01
264,"LeQuint Allen Jr.",0.01
265,"Seth McGowan",0.01
266,"Erick All Jr.",0.01
267,"Jerome Ford",0.01
268,"Skyler Bell",0.01
269,"Brashard Smith",0.01
270,"Najee Harris",0.01
271,"Isaiah Bond",0.01
272,"Jake Tonges",0.01
273,"Trevor Etienne",0.01
274,"Isaac Guerendo",0.01
275,"Tahj Brooks",0.01
276,"Charlie Smyth",0.01
277,"Andrei Iosivas",0.01
278,"Darnell Washington",0.01
279,"Caleb Douglas",0.01
280,"Jarquez Hunter",0.01
281,"Jaleel McLaughlin",0.01
282,"Cyrus Allen",0.01
283,"Audric Estime",0.01
284,"Chris Brazzell II",0.01
285,"Luke McCaffrey",0.01
286,"Will Shipley",0.01
287,"Tez Johnson",0.01
288,"Joe Mixon",0.01
289,"Cedric Tillman",0.01
290,"Kareem Hunt",0.01
291,"Jalen Tolbert",0.01
292,"Konata Mumpfield",0.01
293,"Max Klare",0.01
294,"Calvin Austin III",0.01
295,"J.J. McCarthy",0.01
296,"Jahan Dotson",0.01
297,"Cole Kmet",0.01
298,"Elijah Arroyo",0.01
299,"Tyler Higbee",0.01
300,"Ja'Tavion Sanders",0.01
301,"Jalen Royals",0.01
302,"Michael Mayer",0.01
303,"Olamide Zaccheaus",0.01
304,"DeMario Douglas",0.01
305,"Dawson Knox",0.01
306,"Joshua Palmer",0.01
307,"Noah Gray",0.01
308,"Treylon Burks",0.01
309,"Carson Beck",0.01
310,"Bam Knight",0.01
311,"Kendrick Bourne",0.01
312,"Michael Carter",0.01
313,"Mac Jones",0.01
314,"Bryce Lance",0.01
315,"Brenen Thompson",0.01
316,"Eli Heidenreich",0.01
317,"Justin Joly",0.01
318,"Eli Raridon",0.01
319,"Dont'e Thornton Jr.",0.01
320,"Raheim Sanders",0.01
321,"Justin Fields",0.01
322,"Jawhar Jordan",0.01
323,"Xavier Hutchinson",0.01
324,"Ty Simpson",0.01
325,"John Metchie III",0.01
326,"J'Mari Taylor",0.01
327,"Jaylin Lane",0.01
328,"Nick Chubb",0.01
329,"Noah Fant",0.01
330,"KaVontae Turpin",0.01
331,"Tutu Atwell",0.01
332,"Savion Williams",0.01
333,"Nick Westbrook-Ikhine",0.01
334,"Kalif Raymond",0.01
335,"Luke Musgrave",0.01
336,"Kevin Coleman Jr.",0.01
337,"Anthony Richardson Sr.",0.01
338,"Austin Ekeler",0.01
339,"Kyle Juszczyk",0.01
340,"Tommy Tremble",0.01
341,"Dameon Pierce",0.01
342,"Devontez Walker",0.01
343,"Ben Sinnott",0.01
344,"Jam Miller",0.01
345,"Zavion Thomas",0.01
346,"Phil Mafah",0.01
347,"Rasheen Ali",0.01
348,"Jordan Whittington",0.01
349,"Elijah Moore",0.01
350,"Ashton Dulin",0.01
351,"John Bates",0.01
352,"Roschon Johnson",0.01
353,"Dyami Brown",0.01
354,"Joe Flacco",0.01
355,"Terrell Jennings",0.01
356,"Deion Burks",0.01
357,"Daniel Bellinger",0.01
358,"Charlie Kolar",0.01
359,"Mitchell Evans",0.01
360,"Sione Vaki",0.01
361,"Greg Dortch",0.01
362,"Zach Ertz",0.01
363,"Jeremy McNichols",0.01
364,"Darren Waller",0.01
365,"Austin Hooper",0.01
366,"CJ Daniels",0.01
367,"Dylan Laube",0.01
368,"Marcus Mariota",0.01
369,"Tommy Myers",0.01
370,"Marlin Klein",0.01
371,"Cade Klubnik",0.01
372,"Zavier Scott",0.01
373,"Joe Milton III",0.01
374,"Jonnu Smith",0.01
375,"Malik Benson",0.01
376,"Damien Martinez",0.01
377,"Mitch Tinsley",0.01
378,"Frank Gore Jr.",0.01
379,"Demarcus Robinson",0.01
380,"Robert Henry Jr.",0.01
381,"Jaret Patterson",0.01
382,"Jameis Winston",0.01
383,"Hunter Luepke",0.01
384,"Will Kacmarek",0.01
385,"Tyler Lockett",0.01
386,"Khalil Herbert",0.01
387,"Jahdae Walker",0.01
388,"Roman Wilson",0.01
389,"Antonio Gibson",0.01
390,"Myles Montgomery",0.01
391,"Marquez Valdes-Scantling",0.01
392,"Cash Jones",0.01
393,"Ty Chandler",0.01
394,"Tyler Goodson",0.01
395,"Roman Hemby",0.01
396,"Donovan Edwards",0.01
397,"Colbie Young",0.01
398,"Taysom Hill",0.01
399,"Jacob Saylors",0.01
400,"Xavier Smith",0.01
401,"Adam Trautman",0.01
402,"Jakobie Keeney-James",0.01
403,"Scotty Miller",0.01
404,"Kendric Pryor",0.01
405,"Mo Alie-Cox",0.01
406,"Josh Oliver",0.01
407,"Kevin Austin Jr.",0.01
408,"AJ Dillon",0.01
409,"Odell Beckham Jr.",0.01
410,"Jake Bobo",0.01
411,"Tim Patrick",0.01
412,"Jaydn Ott",0.01
413,"Miles Sanders",0.01
414,"Elijah Tau-Tolliver",0.01
415,"Jeshaun Jones",0.01
416,"Jackson Hawes",0.01
417,"Ameer Abdullah",0.01
418,"Jacardia Wright",0.01
419,"Xavier Restrepo",0.01
420,"Dean Connors",0.01
421,"Luke Schoonmaker",0.01
422,"Tai Felton",0.01
423,"British Brooks",0.01
424,"Theo Wease Jr.",0.01
425,"Riley Leonard",0.01
426,"Elijah Mitchell",0.01
,"David Sills",0
,"Kerrith Whyte",0
,"Malik Cunningham",0
,"Jonathan Mingo",0
,"Pat Bryant",0
,"Ollie Gordon",0
,"Corey Kiner",0
,"Levi Wentz",0
,"Michael Briscoe",0
,"Jacob De Jesus",0
,"Omari Evans",0
,"Keelan Marion",0
,"Le'Meke Brockington",0
,"Kolbe Katsis",0
,"Rodney Hammond",0
,"Dean Patterson",0
,"Kadarius Calloway",0
,"Kyron Hudson",0
,"Rashad Rochelle",0
,"Trayvon Rudolph",0
,"Mante Morrow",0
,"Brock Rechsteiner",0
,"Andrew Beck",0
,"Malik Turner",0
,"Cody White",0
,"Salvon Ahmed",0
,"Isaiah Hodgins",0
,"Mason Kinsey",0
,"Chris Blair",0
,"Austin Trammell",0
,"Derius Davis",0
,"Marvin Mims",0
,"Amar Johnson",0
,"Darius Cooper",0
,"LaJohntay Wester",0
,"Jackson Meeks",0
,"Jamaal Pritchett",0
,"Eli Pancol",0
,"Isaiah Neyor",0
,"Ted Hurst",0
,"D.J. Montgomery",0
,"Aaron Jones",0
,"Tyler Badie",0
,"Eric Gray",0
,"Charlie Jones",0
,"David Moore",0
,"Kendall Milton",0
,"Jamal Haynes",0
,"Bo Melton",0
,"Sincere McCormick",0
,"Carson Steele",0
,"Mario Williams",0
,"CJ Williams",0
,"Wendell Smallwood",0
,"Tim Jones",0
,"Dayton Wade",0
,"Johnny Wilson",0
,"Dare Ogunbowale",0
,"Coleman Bennett",0
,"Nick Williams",0
,"Allen Hurns",0
,"Odell Beckham",0
,"Phillip Dorsett",0
,"Myles White",0
,"Laquon Treadwell",0
,"Chris Moore",0
,"Jalen Richard",0
,"Chris Godwin",0
,"JuJu Smith-Schuster",0
,"Elijah McGuire",0
,"River Cracraft",0
,"Glen Coffee",0
,"Garrett Scantling",0
,"Al Riles",0
,"Dante Pettis",0
,"Ito Smith",0
,"Ray-Ray McCloud",0
,"Cedrick Wilson",0
,"Braxton Berrios",0
,"Trent Sherfield",0
,"Caleb Scott",0
,"Justin Watson",0
,"Shaq Roland",0
,"Eldridge Massington",0
,"KhaDarel Hodge",0
,"Deebo Samuel",0
,"Mecole Hardman",0
,"Lil'Jordan Humphrey",0
,"Travis Homer",0
,"Juwann Winfree",0
,"Tom Kennedy",0
,"Trenton Irwin",0
,"Jalen Reagor",0
,"Michael Pittman",0
,"Devin Duvernay",0
,"Denzel Mims",0
,"Van Jefferson",0
,"KJ Hill",0
,"Quez Watkins",0
,"DeeJay Dallas",0
,"Tyler Johnson",0
,"Patrick Taylor",0
,"Benny LeMay",0
,"K.J. Osborn",0
,"Tavien Feaster",0
,"Reggie Gilliam",0
,"Kristian Wilkerson",0
,"Gary Brightwell",0
,"Cornell Powell",0
,"Travis Etienne",0
,"Ihmir Smith-Marsette",0
,"Terrace Marshall",0
,"Trey Sermon",0
,"Tylan Wallace",0
,"Micah Simon",0
,"Kene Nwangwu",0
,"Ben Skowronek",0
,"Simi Fehoko",0
,"Brandon Smith",0
,"DJ Turner",0
,"Tarik Black",0
,"Michael Bandy",0
,"Erik Ezukanma",0
,"Pierre Strong",0
,"Zonovan Knight",0
,"Calvin Austin",0
,"John Metchie",0
,"Kenneth Walker",0
,"Brian Robinson",0
,"Skyy Moore",0
,"Danny Gray",0
,"Jashaun Corbin",0
,"Ronnie Rivers",0
,"Kevin Austin",0
,"Velus Jones",0
,"Samori Toure",0
,"Tay Martin",0
,"Deven Thompkins",0
,"Julius Chestnut",0
,"Raheem Blackshear",0
,"Britain Covey",0
,"Brittain Brown",0
,"Montrell Washington",0
,"Dareke Young",0
,"Lance McCutcheon",0
,"Kaden Davis",0
,"Brandon Johnson",0
,"Dennis Houston",0
,"Irv Charles",0
,"Maurice Alexander",0
,"Evan Hull",0
,"Israel Abanikanda",0
,"Tyler Scott",0
,"Trey Palmer",0
,"Jalin Hyatt",0
,"Lew Nichols",0
,"Chris Rodriguez",0
,"Ronnie Bell",0
,"Jalen Brooks",0
,"Jared Wayne",0
,"Elijah Cooks",0
,"Brycen Tremayne",0
,"Carlos Washington",0
,"Malik Heath",0
,"Isaiah Winstead",0
,"Shedrick Jackson",0
,"Xavier Gipson",0
,"Jason Brownlee",0
,"Nikko Remigio",0
,"Tyrell Shavers",0
,"Jordan Mims",0
,"Owen Wright",0
,"Ryan Miller",0
,"Dylan Drummond",0
,"Jalen Moreno-Cropper",0
,"Lucky Jackson",0
,"Frank Gore",0
,"Isaiah Williams",0
,"Jacob Cowing",0
,"Malachi Corley",0
,"Marvin Harrison",0
,"Brian Thomas",0
,"Cody Schrader",0
,"Dante Miller",0
,"Tyrone Tracy",0
,"Bub Means",0
,"Anthony Gould",0
,"Tejhaun Palmer",0
,"Casey Washington",0
,"Jha'Quan Jackson",0
,"Cornelius Johnson",0
,"Tahj Washington",0
,"Mason Tipton",0
,"Xavier Weaver",0
,"JaQuae Jackson",0
,"Bryce Oliver",0
,"Xavier Johnson",0
,"Kameron Johnson",0
,"Ian Wheeler",0
,"Qadir Ismail",0
,"Jabari Small",0
,"Antwane Wells",0
,"Ricky White",0
,"Nick Nash",0
,"Ja'Quinden Jackson",0
,"Kalel Mullings",0
,"Luther Burden",0
,"Jimmy Horn",0
,"Arian Smith",0
,"Dont'e Thornton",0
,"Efton Chism",0
,"LeQuint Allen",0
,"Jordan Watkins",0
,"Robbie Ouzts",0
,"KeAndre Lambert-Smith",0
,"Kaden Prather",0
,"Dominic Lovett",0
,"Junior Bergen",0
,"JP Richardson",0
,"Stephen Gosnell",0
,"Jordan Moore",0
,"Courtney Jackson",0
,"Joaquin Davis",0
,"Josh Williams",0
,"Will Sheppard",0
,"Ahmani Marshall",0
,"Bryson Green",0
,"Luke Grimm",0
,"Mac Dalena",0
,"Ulysses Bentley",0
,"Coleman Owen",0
,"Josh Kelly",0
,"Traeshon Holden",0
,"Theo Wease",0
,"Andrew Armstrong",0
,"AJ Henning",0
,"Quincy Skinner",0
,"Dalen Cambre",0
,"Da'Quan Felton",0
,"Nathan Carter",0
,"Cam Camper",0
,"Quentin Skinner",0
,"Chandler Brayboy",0
,"Anthony Tyus",0
,"Dontae Fleming",0
,"Kye Robichaux",0
,"Lan Larison",0
,"Ke'Shawn Williams",0
,"Roc Taylor",0
,"Tru Edwards",0
,"Jordan Waters",0
,"Brennan Presley",0
,"Xavier Guillory",0
,"Myles Price",0
,"Gage Larvadain",0
,"Jacoby Jones",0
,"Kisean Johnson",0
,"Jimmy Holiday",0
,"Ja'seem Reed",0
,"Luke Floriea",0
,"Montorie Foster",0
,"Dalevon Campbell",0
,"Kyrese Rowan",0
,"Mitch Van Vooren",0
,"Jaden Smith",0
,"Dohnte Meyers",0
,"Omar Cooper",0
,"CJ Donaldson",0
,"Reggie Virgil",0
,"Mike Washington",0
,"Emmanuel Henderson",0
,"Eric Rivers",0
,"Noah Thomas",0
,"Jordan Hudson",0
,"DT Sheffield",0
,"Anthony Hankerson",0
,"Dane Key",0
,"Kevin Coleman",0
,"Davon Booth",0
,"Vinny Anthony",0
,"Trebor Pena",0
,"Jeff Caldwell",0
,"Josh Cameron",0
,"Donaven McCulley",0
,"Chase Roberts",0
,"Robert Henry",0
,"Kentrel Bullock",0
,"Noah Whittington",0
,"DeaMonte Trayanum",0
,"Kaden Wetjen",0
,"Barion Brown",0
,"Lewis Bond",0
,"Anthony Smith",0
,"Tyren Montgomery",0
,"Gregory Desrosiers",0
,"Sincere Brown",0
,"Jerand Bradley",0
,"Marcus Sanders",0
,"Dillon Bell",0
,"Devonte Ross",0
,"Michael Wortham",0
,"Brady Boyd",0
,"Will Pauling",0
,"Wesley Grimes",0
,"Harrison Wallace",0
,"Chris Hilton",0
,"Ja'Mori Maclin",0
,"Max Tomczak",0
,"Kobe Prentice",0
,"Camden Brown",0
,"Joseph Manjack",0
,"Cameron Ross",0
,"Kole Wilson",0
,"TJ Harden",0
,"Jaden Bradley",0
,"J. Michael Sturdivant",0
,"Hank Beatty",0
,"EJ Smith",0
,"Terion Stewart",0
,"Raylen Sharpe",0
,"E.J. Williams",0
,"Malik McClain",0
,"Caullin Lacy",0
,"Kyle Dixon",0
,"Cortez Braham",0
,"Octavian Smith",0
,"Dontae McMillan",0
,"Daniel Sobkowicz",0
,"Treyvhon Saunders",0
,"Sam Scott",0
,"Jaden Nixon",0
,"Xavier Loyd",0
,"Joshua Pitsenberger",0
,"Sahmir Hagans",0
,"E.J. Horton",0
,"Omari Kelly",0
,"Damon Bankston",0
,"Cameron Dorner",0
,"Nick DeGennaro",0
,"Terrill Davis",0
,"Anderson Castle",0
,"Miles Davis",0
,"Brandon Hayes",0
,"Kyre Duplessis",0
,"Roydell Williams",0
,"Jeff Weimer",0
,"Justin Jones",0